Time [s],Voltage [V]
4.00E-03,-2.5599999
8.00E-03,-2.5599999
1.20E-02,-2.5599999
1.60E-02,-2.5599999
2.00E-02,-2.5599999
2.40E-02,-2.5599999
2.80E-02,-2.5599999
3.20E-02,-2.5599999
3.60E-02,-2.5599999
4.00E-02,-2.5599999
4.40E-02,-2.5599999
4.80E-02,-2.5599999
5.20E-02,-2.5599999
5.60E-02,-2.5599999
6.00E-02,-2.5599999
6.40E-02,-2.5599999
6.80E-02,-2.5599999
7.20E-02,-2.5599999
7.60E-02,-2.5599999
8.00E-02,-2.5599999
8.40E-02,-2.5599999
8.80E-02,-2.5599999
9.20E-02,-2.5599999
9.60E-02,-2.5599999
1.00E-01,-2.5599999
1.04E-01,-2.5599999
1.08E-01,-2.5599999
1.12E-01,-2.5599999
1.16E-01,-2.5599999
1.20E-01,-2.5599999
1.24E-01,-2.5599999
1.28E-01,-2.5599999
1.32E-01,-2.5599999
1.36E-01,-2.5599999
1.40E-01,-2.5599999
1.44E-01,-2.5599999
1.48E-01,-2.5599999
1.52E-01,-2.5599999
1.56E-01,-2.5599999
1.60E-01,-2.5599999
1.64E-01,-2.5599999
1.68E-01,-2.5599999
1.72E-01,-2.5599999
1.76E-01,-2.5599999
1.80E-01,-2.5599999
1.84E-01,-2.5599999
1.88E-01,-2.5599999
1.92E-01,-2.5599999
1.96E-01,-2.5599999
2.00E-01,-2.5599999
2.04E-01,-2.5599999
2.08E-01,-2.5599999
2.12E-01,-2.5599999
2.16E-01,-2.5599999
2.20E-01,-2.5599999
2.24E-01,-2.5599999
2.28E-01,-2.5599999
2.32E-01,-2.5599999
2.36E-01,-2.5599999
2.40E-01,-2.5599999
2.44E-01,-2.5599999
2.48E-01,-2.5599999
2.52E-01,-2.5599999
2.56E-01,-2.5599999
2.60E-01,-2.5599999
2.64E-01,-2.5599999
2.68E-01,-2.5599999
2.72E-01,-2.5599999
2.76E-01,-2.5599999
2.80E-01,-2.5599999
2.84E-01,-2.5599999
2.88E-01,-2.5599999
2.92E-01,-2.5599999
2.96E-01,-2.5599999
3.00E-01,-2.5599999
3.04E-01,-2.5599999
3.08E-01,-2.5599999
3.12E-01,-2.5599999
3.16E-01,-2.5599999
3.20E-01,-2.5599999
3.24E-01,-2.5599999
3.28E-01,-2.5599999
3.32E-01,-2.5599999
3.36E-01,-2.5599999
3.40E-01,-2.5599999
3.44E-01,-2.5599999
3.48E-01,-2.5599999
3.52E-01,-2.5599999
3.56E-01,-2.5599999
3.60E-01,-2.5599999
3.64E-01,-2.5599999
3.68E-01,-2.5599999
3.72E-01,-2.5599999
3.76E-01,-2.5599999
3.80E-01,-2.5599999
3.84E-01,-2.5599999
3.88E-01,-2.5599999
3.92E-01,-2.5599999
3.96E-01,-2.5599999
4.00E-01,-2.5599999
4.04E-01,-2.5599999
4.08E-01,-2.5599999
4.12E-01,-2.5599999
4.16E-01,-2.5599999
4.20E-01,-2.5599999
4.24E-01,-2.5599999
4.28E-01,-2.5599999
4.32E-01,-2.5599999
4.36E-01,-2.5599999
4.40E-01,-2.5599999
4.44E-01,-2.5599999
4.48E-01,-2.5599999
4.52E-01,-2.5599999
4.56E-01,-2.5599999
4.60E-01,-2.5599999
4.64E-01,-2.5599999
4.68E-01,-2.5599999
4.72E-01,-2.5599999
4.76E-01,-2.5599999
4.80E-01,-1.04
4.84E-01,-1.0599999
4.88E-01,-1.04
4.92E-01,-1.04
4.96E-01,-1.04
5.00E-01,-1.04
5.04E-01,-1.04
5.08E-01,-1.04
5.12E-01,-1.0599999
5.16E-01,-1.04
5.20E-01,-1.04
5.24E-01,-1.02
5.28E-01,-1.04
5.32E-01,-1.0599999
5.36E-01,-1.0599999
5.40E-01,-1.0599999
5.44E-01,-1.04
5.48E-01,-1.04
5.52E-01,-1.0599999
5.56E-01,-1.04
5.60E-01,-1.0599999
5.64E-01,-1.0599999
5.68E-01,-1.0599999
5.72E-01,-1.0599999
5.76E-01,-1.0599999
5.80E-01,-1.0599999
5.84E-01,-1.0599999
5.88E-01,-1.0599999
5.92E-01,-1.1
5.96E-01,-1.0599999
6.00E-01,-1.0799999
6.04E-01,-1.0599999
6.08E-01,-1.0599999
6.12E-01,-1.0599999
6.16E-01,-1.0799999
6.20E-01,-1.0599999
6.24E-01,-1.0599999
6.28E-01,-1.0599999
6.32E-01,-1.04
6.36E-01,-1.0599999
6.40E-01,-1.0599999
6.44E-01,-1.0599999
6.48E-01,-1.0599999
6.52E-01,-1.0599999
6.56E-01,-1.0599999
6.60E-01,-1.0799999
6.64E-01,-1.04
6.68E-01,-1.0599999
6.72E-01,-1.0599999
6.76E-01,-1.0799999
6.80E-01,-1.0599999
6.84E-01,-1.0599999
6.88E-01,-1.0799999
6.92E-01,-1.0599999
6.96E-01,-1.0599999
7.00E-01,-1.0799999
7.04E-01,-1.0799999
7.08E-01,-1.0599999
7.12E-01,-1.0599999
7.16E-01,-1.1
7.20E-01,-1.0799999
7.24E-01,-1.0599999
7.28E-01,-1.0599999
7.32E-01,-1.0799999
7.36E-01,-1.0799999
7.40E-01,-1.0799999
7.44E-01,-1.0799999
7.48E-01,-1.0599999
7.52E-01,-1.0799999
7.56E-01,-1.04
7.60E-01,-1.0799999
7.64E-01,-1.0599999
7.68E-01,-1.0599999
7.72E-01,-1.0599999
7.76E-01,-1.0599999
7.80E-01,-1.0599999
7.84E-01,-1.0799999
7.88E-01,-1.1
7.92E-01,-1.0599999
7.96E-01,-1.0599999
8.00E-01,-1.0799999
8.04E-01,-1.0599999
8.08E-01,-1.0799999
8.12E-01,-1.0599999
8.16E-01,-1.0799999
8.20E-01,-1.0799999
8.24E-01,-1.0799999
8.28E-01,-1.0599999
8.32E-01,-1.0599999
8.36E-01,-1.04
8.40E-01,-1.0599999
8.44E-01,-1.0599999
8.48E-01,-1.04
8.52E-01,-1.04
8.56E-01,-1.02
8.60E-01,-1.04
8.64E-01,-1.02
8.68E-01,-1
8.72E-01,-1
8.76E-01,-1
8.80E-01,-1.02
8.84E-01,-1
8.88E-01,-9.80E-01
8.92E-01,-9.60E-01
8.96E-01,-9.60E-01
9.00E-01,-9.40E-01
9.04E-01,-9.40E-01
9.08E-01,-9.20E-01
9.12E-01,-9.20E-01
9.16E-01,-9.00E-01
9.20E-01,-9.00E-01
9.24E-01,-8.80E-01
9.28E-01,-8.60E-01
9.32E-01,-8.40E-01
9.36E-01,-8.40E-01
9.40E-01,-8.20E-01
9.44E-01,-8.00E-01
9.48E-01,-8.00E-01
9.52E-01,-7.60E-01
9.56E-01,-7.60E-01
9.60E-01,-7.60E-01
9.64E-01,-7.40E-01
9.68E-01,-7.20E-01
9.72E-01,-7.20E-01
9.76E-01,-6.80E-01
9.80E-01,-6.60E-01
9.84E-01,-6.40E-01
9.88E-01,-6.20E-01
9.92E-01,-6.00E-01
9.96E-01,-6.00E-01
1,-5.80E-01
1.0040001,-5.80E-01
1.008,-5.20E-01
1.0120001,-5.20E-01
1.016,-5.00E-01
1.0200001,-4.80E-01
1.024,-4.60E-01
1.028,-4.40E-01
1.0320001,-4.20E-01
1.036,-4.00E-01
1.0400001,-3.80E-01
1.044,-3.60E-01
1.0480001,-3.60E-01
1.052,-3.20E-01
1.056,-2.80E-01
1.0600001,-2.80E-01
1.064,-2.60E-01
1.0680001,-2.40E-01
1.072,-2.20E-01
1.0760001,-2.00E-01
1.08,-1.60E-01
1.0840001,-1.40E-01
1.0880001,-1.40E-01
1.092,-1.20E-01
1.0960001,-1.00E-01
1.1,-6.00E-02
1.1040001,-4.00E-02
1.108,-4.00E-02
1.1120001,-2.00E-02
1.1160001,2.00E-02
1.12,4.00E-02
1.1240001,6.00E-02
1.128,8.00E-02
1.1320001,1.00E-01
1.136,1.00E-01
1.1400001,1.40E-01
1.1440001,1.60E-01
1.148,1.80E-01
1.1520001,2.00E-01
1.156,2.20E-01
1.1600001,2.20E-01
1.164,2.60E-01
1.1680001,2.60E-01
1.1720001,3.00E-01
1.176,3.20E-01
1.1800001,3.40E-01
1.184,3.40E-01
1.1880001,3.60E-01
1.192,4.00E-01
1.1960001,4.00E-01
1.2,4.20E-01
1.2040001,4.40E-01
1.2080001,4.40E-01
1.212,4.80E-01
1.2160001,4.80E-01
1.22,5.00E-01
1.2240001,5.20E-01
1.228,5.40E-01
1.2320001,5.40E-01
1.2360001,5.80E-01
1.24,5.80E-01
1.2440001,6.00E-01
1.248,6.00E-01
1.2520001,6.20E-01
1.256,6.40E-01
1.2600001,6.40E-01
1.2640001,6.60E-01
1.268,6.60E-01
1.2720001,6.80E-01
1.276,6.80E-01
1.2800001,6.80E-01
1.284,7.20E-01
1.2880001,7.20E-01
1.2920001,7.20E-01
1.296,7.20E-01
1.3000001,7.40E-01
1.304,7.60E-01
1.3080001,7.60E-01
1.312,7.60E-01
1.3160001,7.80E-01
1.3200001,7.80E-01
1.3240001,8.00E-01
1.3280001,8.00E-01
1.332,8.20E-01
1.3360001,8.20E-01
1.34,8.20E-01
1.3440001,8.20E-01
1.348,8.20E-01
1.3520001,8.40E-01
1.3560001,8.40E-01
1.36,8.40E-01
1.3640001,8.40E-01
1.368,8.40E-01
1.3720001,8.60E-01
1.376,8.60E-01
1.3800001,8.60E-01
1.3840001,8.60E-01
1.388,8.60E-01
1.3920001,8.60E-01
1.396,8.60E-01
1.4000001,8.60E-01
1.404,8.40E-01
1.4080001,8.60E-01
1.4120001,8.60E-01
1.416,8.40E-01
1.4200001,8.40E-01
1.424,8.40E-01
1.4280001,8.40E-01
1.432,8.20E-01
1.4360001,8.40E-01
1.4400001,8.20E-01
1.4440001,7.80E-01
1.4480001,8.20E-01
1.452,8.00E-01
1.4560001,7.80E-01
1.46,7.80E-01
1.4640001,7.60E-01
1.4680001,7.60E-01
1.4720001,7.60E-01
1.4760001,7.40E-01
1.48,7.40E-01
1.4840001,7.40E-01
1.488,7.20E-01
1.4920001,7.20E-01
1.4960001,7.20E-01
1.5000001,7.00E-01
1.5040001,7.00E-01
1.508,6.80E-01
1.5120001,6.60E-01
1.516,6.60E-01
1.5200001,6.40E-01
1.524,6.40E-01
1.5280001,6.20E-01
1.5320001,6.20E-01
1.536,6.00E-01
1.5400001,5.80E-01
1.544,5.60E-01
1.5480001,5.60E-01
1.552,5.40E-01
1.5560001,5.20E-01
1.5600001,5.40E-01
1.5640001,5.20E-01
1.5680001,5.00E-01
1.572,5.00E-01
1.5760001,4.60E-01
1.58,4.40E-01
1.5840001,4.20E-01
1.5880001,4.20E-01
1.5920001,4.00E-01
1.5960001,4.00E-01
1.6,3.80E-01
1.6040001,3.40E-01
1.608,3.40E-01
1.6120001,3.20E-01
1.6160001,3.40E-01
1.6200001,2.80E-01
1.6240001,2.80E-01
1.628,2.60E-01
1.6320001,2.40E-01
1.636,2.00E-01
1.6400001,1.80E-01
1.6440001,2.00E-01
1.6480001,1.60E-01
1.6520001,1.40E-01
1.6560001,1.20E-01
1.6600001,1.20E-01
1.664,1.20E-01
1.6680001,8.00E-02
1.6720001,6.00E-02
1.6760001,4.00E-02
1.6800001,4.00E-02
1.6840001,0
1.6880001,0
1.692,0
1.6960001,-4.00E-02
1.7,-4.00E-02
1.7040001,-8.00E-02
1.7080001,-1.00E-01
1.7120001,-1.00E-01
1.7160001,-1.20E-01
1.72,-1.40E-01
1.7240001,-1.60E-01
1.728,-1.60E-01
1.7320001,-1.80E-01
1.7360001,-2.00E-01
1.7400001,-2.20E-01
1.7440001,-2.40E-01
1.748,-2.60E-01
1.7520001,-2.60E-01
1.756,-2.80E-01
1.7600001,-3.00E-01
1.7640001,-3.40E-01
1.7680001,-3.40E-01
1.7720001,-3.40E-01
1.7760001,-3.60E-01
1.7800001,-3.60E-01
1.784,-3.80E-01
1.7880001,-4.00E-01
1.7920001,-4.00E-01
1.7960001,-4.20E-01
1.8000001,-4.40E-01
1.8040001,-4.60E-01
1.8080001,-4.80E-01
1.812,-4.80E-01
1.8160001,-5.00E-01
1.8200001,-5.20E-01
1.8240001,-5.20E-01
1.8280001,-5.20E-01
1.8320001,-5.40E-01
1.8360001,-5.40E-01
1.84,-5.60E-01
1.8440001,-5.80E-01
1.848,-5.80E-01
1.8520001,-6.00E-01
1.8560001,-6.00E-01
1.8600001,-6.20E-01
1.8640001,-6.20E-01
1.868,-6.40E-01
1.8720001,-6.40E-01
1.876,-6.60E-01
1.8800001,-6.60E-01
1.8840001,-6.80E-01
1.8880001,-6.80E-01
1.8920001,-7.00E-01
1.8960001,-6.80E-01
1.9000001,-7.00E-01
1.904,-7.00E-01
1.9080001,-6.80E-01
1.9120001,-7.00E-01
1.9160001,-7.20E-01
1.9200001,-7.20E-01
1.9240001,-7.00E-01
1.9280001,-7.40E-01
1.932,-7.20E-01
1.9360001,-7.20E-01
1.9400001,-7.40E-01
1.9440001,-7.40E-01
1.9480001,-7.40E-01
1.9520001,-7.40E-01
1.9560001,-7.60E-01
1.96,-7.40E-01
1.9640001,-7.40E-01
1.9680001,-7.40E-01
1.9720001,-7.40E-01
1.9760001,-7.40E-01
1.9800001,-7.40E-01
1.9840001,-7.40E-01
1.988,-7.40E-01
1.9920001,-7.40E-01
1.9960001,-7.40E-01
2,-7.20E-01
2.0040002,-7.20E-01
2.0080001,-7.20E-01
2.0120001,-7.40E-01
2.016,-7.20E-01
2.02,-7.20E-01
2.0240002,-7.20E-01
2.0280001,-7.00E-01
2.0320001,-7.00E-01
2.036,-7.00E-01
2.0400002,-6.80E-01
2.0440001,-6.80E-01
2.0480001,-6.80E-01
2.052,-6.60E-01
2.056,-6.60E-01
2.0600002,-6.40E-01
2.0640001,-6.60E-01
2.0680001,-6.60E-01
2.072,-6.60E-01
2.0760002,-6.20E-01
2.0800002,-6.00E-01
2.0840001,-6.20E-01
2.0880001,-6.00E-01
2.092,-6.00E-01
2.0960002,-5.80E-01
2.1000001,-5.80E-01
2.1040001,-5.80E-01
2.108,-5.40E-01
2.112,-5.40E-01
2.1160002,-5.20E-01
2.1200001,-5.20E-01
2.1240001,-5.00E-01
2.128,-4.80E-01
2.1320002,-4.80E-01
2.1360002,-4.80E-01
2.1400001,-4.60E-01
2.1440001,-4.60E-01
2.148,-4.40E-01
2.1520002,-4.20E-01
2.1560001,-4.20E-01
2.1600001,-4.00E-01
2.164,-3.80E-01
2.1680002,-3.80E-01
2.1720002,-3.60E-01
2.1760001,-3.80E-01
2.1800001,-3.00E-01
2.184,-3.20E-01
2.1880002,-3.00E-01
2.1920002,-2.80E-01
2.1960001,-3.00E-01
2.2,-2.80E-01
2.204,-2.60E-01
2.2080002,-2.40E-01
2.2120001,-2.40E-01
2.2160001,-2.40E-01
2.22,-2.00E-01
2.2240002,-1.80E-01
2.2280002,-1.80E-01
2.2320001,-1.60E-01
2.2360001,-1.40E-01
2.24,-1.20E-01
2.2440002,-1.00E-01
2.2480001,-1.00E-01
2.2520001,-8.00E-02
2.256,-8.00E-02
2.26,-6.00E-02
2.2640002,-4.00E-02
2.2680001,-4.00E-02
2.2720001,0
2.276,0
2.2800002,2.00E-02
2.2840002,2.00E-02
2.2880001,4.00E-02
2.2920001,6.00E-02
2.296,8.00E-02
2.3000002,8.00E-02
2.3040001,1.20E-01
2.3080001,1.20E-01
2.312,1.40E-01
2.3160002,1.40E-01
2.3200002,1.40E-01
2.3240001,1.80E-01
2.3280001,1.80E-01
2.332,2.00E-01
2.3360002,2.20E-01
2.3400002,2.00E-01
2.3440001,2.20E-01
2.348,2.60E-01
2.352,2.60E-01
2.3560002,2.80E-01
2.3600001,2.80E-01
2.3640001,2.80E-01
2.368,3.00E-01
2.3720002,3.20E-01
2.3760002,3.20E-01
2.3800001,3.40E-01
2.3840001,3.40E-01
2.388,3.80E-01
2.3920002,3.80E-01
2.3960001,3.60E-01
2.4000001,3.80E-01
2.404,4.20E-01
2.4080002,4.20E-01
2.4120002,4.20E-01
2.4160001,4.40E-01
2.4200001,4.40E-01
2.424,4.20E-01
2.4280002,4.60E-01
2.4320002,4.40E-01
2.4360001,4.60E-01
2.4400001,4.80E-01
2.444,4.80E-01
2.4480002,4.80E-01
2.4520001,5.00E-01
2.4560001,5.00E-01
2.46,5.20E-01
2.4640002,5.00E-01
2.4680002,5.20E-01
2.4720001,5.40E-01
2.4760001,5.40E-01
2.48,5.60E-01
2.4840002,5.40E-01
2.4880002,5.40E-01
2.4920001,5.60E-01
2.4960001,5.60E-01
2.5,5.60E-01
2.5040002,5.60E-01
2.5080001,5.80E-01
2.5120001,5.80E-01
2.516,5.80E-01
2.5200002,5.80E-01
2.5240002,5.80E-01
2.5280001,5.80E-01
2.5320001,5.80E-01
2.536,5.80E-01
2.5400002,5.80E-01
2.5440001,5.80E-01
2.5480001,6.00E-01
2.552,6.00E-01
2.5560002,5.80E-01
2.5600002,5.80E-01
2.5640001,5.80E-01
2.5680001,5.80E-01
2.572,5.60E-01
2.5760002,5.80E-01
2.5800002,5.80E-01
2.5840001,5.80E-01
2.5880001,5.80E-01
2.592,5.60E-01
2.5960002,5.40E-01
2.6000001,5.80E-01
2.6040001,5.60E-01
2.608,5.60E-01
2.6120002,5.40E-01
2.6160002,5.20E-01
2.6200001,5.20E-01
2.6240001,5.40E-01
2.628,5.40E-01
2.6320002,5.20E-01
2.6360002,5.00E-01
2.6400001,5.20E-01
2.6440001,5.00E-01
2.6480002,5.20E-01
2.6520002,4.80E-01
2.6560001,4.80E-01
2.6600001,4.80E-01
2.664,4.80E-01
2.6680002,4.60E-01
2.6720002,4.60E-01
2.6760001,4.40E-01
2.6800001,4.40E-01
2.684,4.40E-01
2.6880002,4.40E-01
2.6920002,4.20E-01
2.6960001,4.20E-01
2.7,4.20E-01
2.7040002,4.00E-01
2.7080002,3.80E-01
2.7120001,3.80E-01
2.7160001,4.00E-01
2.72000003,3.60E-01
2.72400022,3.40E-01
2.72800016,3.40E-01
2.73200011,3.20E-01
2.73600006,3.20E-01
2.74000025,3.00E-01
2.7440002,3.00E-01
2.74800014,3.00E-01
2.75200009,2.80E-01
2.75600004,2.80E-01
2.76000023,2.40E-01
2.76400018,2.40E-01
2.76800013,2.20E-01
2.77200007,2.00E-01
2.77600002,2.00E-01
2.78000021,2.00E-01
2.78400016,2.00E-01
2.78800011,1.60E-01
2.79200006,1.80E-01
2.79600024,1.60E-01
2.80000019,1.60E-01
2.80400014,1.20E-01
2.80800009,1.20E-01
2.81200004,1.00E-01
2.81600022,1.00E-01
2.82000017,6.00E-02
2.82400012,6.00E-02
2.82800007,4.00E-02
2.83200002,2.00E-02
2.8360002,2.00E-02
2.84000015,2.00E-02
2.8440001,2.00E-02
2.84800005,-2.00E-02
2.85200024,0
2.85600019,-4.00E-02
2.86000013,-4.00E-02
2.86400008,-4.00E-02
2.86800003,-4.00E-02
2.87200022,-8.00E-02
2.87600017,-8.00E-02
2.88000011,-1.00E-01
2.88400006,-1.00E-01
2.88800025,-1.00E-01
2.8920002,-1.40E-01
2.89600015,-1.40E-01
2.9000001,-1.60E-01
2.90400004,-1.60E-01
2.90800023,-1.60E-01
2.91200018,-2.00E-01
2.91600013,-2.00E-01
2.92000008,-2.20E-01
2.92400002,-2.20E-01
2.92800021,-2.40E-01
2.93200016,-2.40E-01
2.93600011,-2.60E-01
2.94000006,-2.40E-01
2.94400024,-2.80E-01
2.94800019,-2.80E-01
2.95200014,-2.80E-01
2.95600009,-3.00E-01
2.96000004,-3.20E-01
2.96400023,-3.40E-01
2.96800017,-3.40E-01
2.97200012,-3.40E-01
2.97600007,-3.40E-01
2.98000026,-3.40E-01
2.98400021,-3.60E-01
2.98800015,-3.60E-01
2.9920001,-3.80E-01
2.99600005,-4.00E-01
3.00000024,-4.00E-01
3.00400019,-4.00E-01
3.00800014,-4.00E-01
3.01200008,-4.00E-01
3.01600003,-4.00E-01
3.02000022,-4.40E-01
3.02400017,-4.20E-01
3.02800012,-4.20E-01
3.03200006,-4.40E-01
3.03600025,-4.40E-01
3.0400002,-4.40E-01
3.04400015,-4.60E-01
3.0480001,-4.60E-01
3.05200005,-4.60E-01
3.05600023,-4.60E-01
3.06000018,-4.60E-01
3.06400013,-4.80E-01
3.06800008,-4.80E-01
3.07200003,-5.00E-01
3.07600021,-4.80E-01
3.08000016,-5.00E-01
3.08400011,-5.20E-01
3.08800006,-4.80E-01
3.09200025,-5.00E-01
3.09600019,-5.00E-01
3.10000014,-5.40E-01
3.10400009,-5.00E-01
3.10800004,-5.00E-01
3.11200023,-5.00E-01
3.11600018,-5.20E-01
3.12000012,-5.00E-01
3.12400007,-5.00E-01
3.12800026,-5.20E-01
3.13200021,-5.20E-01
3.13600016,-5.20E-01
3.1400001,-5.00E-01
3.14400005,-5.00E-01
3.14800024,-5.00E-01
3.15200019,-5.00E-01
3.15600014,-5.00E-01
3.16000009,-5.20E-01
3.16400003,-5.20E-01
3.16800022,-5.00E-01
3.17200017,-5.20E-01
3.17600012,-5.00E-01
3.18000007,-5.20E-01
3.18400025,-5.00E-01
3.1880002,-4.80E-01
3.19200015,-4.80E-01
3.1960001,-4.80E-01
3.20000005,-4.80E-01
3.20400023,-4.80E-01
3.20800018,-4.60E-01
3.21200013,-4.80E-01
3.21600008,-4.40E-01
3.22000027,-4.60E-01
3.22400022,-4.60E-01
3.22800016,-4.60E-01
3.23200011,-4.20E-01
3.23600006,-4.40E-01
3.24000025,-4.40E-01
3.2440002,-4.20E-01
3.24800014,-4.00E-01
3.25200009,-4.00E-01
3.25600004,-4.20E-01
3.26000023,-3.80E-01
3.26400018,-3.80E-01
3.26800013,-3.80E-01
3.27200007,-3.80E-01
3.27600026,-3.80E-01
3.28000021,-3.60E-01
3.28400016,-3.60E-01
3.28800011,-3.60E-01
3.29200006,-3.20E-01
3.29600024,-3.40E-01
3.30000019,-3.20E-01
3.30400014,-3.20E-01
3.30800009,-3.20E-01
3.31200027,-3.00E-01
3.31600022,-2.80E-01
3.32000017,-2.80E-01
3.32400012,-2.80E-01
3.32800007,-2.80E-01
3.33200026,-2.60E-01
3.3360002,-2.80E-01
3.34000015,-2.40E-01
3.3440001,-2.20E-01
3.34800005,-2.40E-01
3.35200024,-2.20E-01
3.35600019,-1.80E-01
3.36000013,-2.00E-01
3.36400008,-1.80E-01
3.36800027,-1.60E-01
3.37200022,-1.80E-01
3.37600017,-1.40E-01
3.38000011,-1.20E-01
3.38400006,-1.40E-01
3.38800025,-1.20E-01
3.3920002,-1.00E-01
3.39600015,-1.20E-01
3.4000001,-1.00E-01
3.40400004,-8.00E-02
3.40800023,-8.00E-02
3.41200018,-6.00E-02
3.41600013,-6.00E-02
3.42000008,-4.00E-02
3.42400026,-2.00E-02
3.42800021,0
3.43200016,-2.00E-02
3.43600011,0
3.44000006,2.00E-02
3.44400024,2.00E-02
3.44800019,2.00E-02
3.45200014,4.00E-02
3.45600009,4.00E-02
3.46000028,6.00E-02
3.46400023,8.00E-02
3.46800017,6.00E-02
3.47200012,8.00E-02
3.47600007,8.00E-02
3.48000026,1.00E-01
3.48400021,1.00E-01
3.48800015,1.20E-01
3.4920001,1.20E-01
3.49600005,1.40E-01
3.50000024,1.60E-01
3.50400019,1.60E-01
3.50800014,1.60E-01
3.51200008,1.60E-01
3.51600027,1.60E-01
3.52000022,1.80E-01
3.52400017,1.80E-01
3.52800012,2.00E-01
3.53200006,2.00E-01
3.53600025,2.20E-01
3.5400002,2.00E-01
3.54400015,2.40E-01
3.5480001,2.40E-01
3.55200028,2.40E-01
3.55600023,2.60E-01
3.56000018,2.40E-01
3.56400013,2.60E-01
3.56800008,2.80E-01
3.57200027,3.00E-01
3.57600021,2.80E-01
3.58000016,2.80E-01
3.58400011,3.00E-01
3.58800006,3.00E-01
3.59200025,3.20E-01
3.59600019,3.20E-01
3.60000014,3.40E-01
3.60400009,3.40E-01
3.60800028,3.20E-01
3.61200023,3.40E-01
3.61600018,3.40E-01
3.62000012,3.40E-01
3.62400007,3.40E-01
3.62800026,3.80E-01
3.63200021,3.60E-01
3.63600016,3.80E-01
3.6400001,3.60E-01
3.64400029,3.80E-01
3.64800024,3.80E-01
3.65200019,3.60E-01
3.65600014,3.80E-01
3.66000009,3.80E-01
3.66400027,3.60E-01
3.66800022,3.80E-01
3.67200017,4.00E-01
3.67600012,4.00E-01
3.68000007,3.80E-01
3.68400025,3.80E-01
3.6880002,4.00E-01
3.69200015,4.00E-01
3.6960001,3.80E-01
3.70000029,3.80E-01
3.70400023,4.00E-01
3.70800018,3.80E-01
3.71200013,4.00E-01
3.71600008,4.20E-01
3.72000027,4.00E-01
3.72400022,4.00E-01
3.72800016,4.00E-01
3.73200011,4.20E-01
3.73600006,4.20E-01
3.74000025,4.00E-01
3.7440002,4.00E-01
3.74800014,4.00E-01
3.75200009,3.80E-01
3.75600028,3.80E-01
3.76000023,3.80E-01
3.76400018,3.80E-01
3.76800013,3.60E-01
3.77200007,3.80E-01
3.77600026,3.60E-01
3.78000021,3.60E-01
3.78400016,3.60E-01
3.78800011,3.60E-01
3.79200029,3.80E-01
3.79600024,3.60E-01
3.80000019,3.40E-01
3.80400014,3.60E-01
3.80800009,3.60E-01
3.81200027,3.40E-01
3.81600022,3.40E-01
3.82000017,3.40E-01
3.82400012,3.20E-01
3.82800007,3.40E-01
3.83200026,3.20E-01
3.8360002,3.20E-01
3.84000015,3.00E-01
3.8440001,3.00E-01
3.84800029,3.00E-01
3.85200024,3.20E-01
3.85600019,2.80E-01
3.86000013,3.00E-01
3.86400008,3.00E-01
3.86800027,2.60E-01
3.87200022,2.60E-01
3.87600017,2.40E-01
3.88000011,2.40E-01
3.8840003,2.20E-01
3.88800025,2.60E-01
3.8920002,2.20E-01
3.89600015,2.00E-01
3.9000001,2.20E-01
3.90400028,2.00E-01
3.90800023,1.60E-01
3.91200018,1.80E-01
3.91600013,1.60E-01
3.92000008,1.60E-01
3.92400026,1.80E-01
3.92800021,1.60E-01
3.93200016,1.60E-01
3.93600011,1.20E-01
3.9400003,1.40E-01
3.94400024,1.20E-01
3.94800019,1.20E-01
3.95200014,1.00E-01
3.95600009,8.00E-02
3.96000028,1.00E-01
3.96400023,8.00E-02
3.96800017,8.00E-02
3.97200012,8.00E-02
3.97600007,6.00E-02
3.98000026,6.00E-02
3.98400021,6.00E-02
3.98800015,2.00E-02
3.9920001,4.00E-02
3.99600029,2.00E-02
4,2.00E-02
4.00400019,0
4.00800037,-2.00E-02
4.01200008,-2.00E-02
4.01600027,0
4.01999998,-2.00E-02
4.02400017,-4.00E-02
4.02800035,-4.00E-02
4.03200006,-4.00E-02
4.03600025,-6.00E-02
4.03999996,-6.00E-02
4.04400015,-8.00E-02
4.04800034,-8.00E-02
4.05200005,-1.00E-01
4.05600023,-1.00E-01
4.06000042,-1.00E-01
4.06400013,-1.00E-01
4.06800032,-1.20E-01
4.07200003,-1.00E-01
4.07600021,-1.40E-01
4.0800004,-1.60E-01
4.08400011,-1.60E-01
4.0880003,-1.40E-01
4.09200001,-1.60E-01
4.09600019,-1.80E-01
4.10000038,-1.80E-01
4.10400009,-2.20E-01
4.10800028,-1.80E-01
4.11199999,-2.00E-01
4.11600018,-2.40E-01
4.12000036,-2.20E-01
4.12400007,-2.20E-01
4.12800026,-2.20E-01
4.13199997,-2.20E-01
4.13600016,-2.40E-01
4.14000034,-2.40E-01
4.14400005,-2.40E-01
4.14800024,-2.80E-01
4.15200043,-2.60E-01
4.15600014,-2.60E-01
4.16000032,-2.80E-01
4.16400003,-2.80E-01
4.16800022,-2.60E-01
4.17200041,-2.80E-01
4.17600012,-3.00E-01
4.18000031,-2.80E-01
4.18400002,-2.80E-01
4.1880002,-3.00E-01
4.19200039,-3.00E-01
4.1960001,-3.00E-01
4.20000029,-3.40E-01
4.204,-3.20E-01
4.20800018,-3.20E-01
4.21200037,-3.40E-01
4.21600008,-3.40E-01
4.22000027,-3.20E-01
4.22399998,-3.40E-01
4.22800016,-3.40E-01
4.23200035,-3.40E-01
4.23600006,-3.40E-01
4.24000025,-3.40E-01
4.24400043,-3.60E-01
4.24800014,-3.60E-01
4.25200033,-3.40E-01
4.25600004,-3.60E-01
4.26000023,-3.60E-01
4.26400042,-3.60E-01
4.26800013,-3.60E-01
4.27200031,-3.60E-01
4.27600002,-3.60E-01
4.28000021,-3.60E-01
4.2840004,-3.60E-01
4.28800011,-3.60E-01
4.29200029,-3.60E-01
4.296,-3.60E-01
4.30000019,-3.60E-01
4.30400038,-3.60E-01
4.30800009,-3.60E-01
4.31200027,-3.60E-01
4.31599998,-3.60E-01
4.32000017,-3.60E-01
4.32400036,-3.40E-01
4.32800007,-3.40E-01
4.33200026,-3.60E-01
4.33600044,-3.60E-01
4.34000015,-3.40E-01
4.34400034,-3.20E-01
4.34800005,-3.40E-01
4.35200024,-3.60E-01
4.35600042,-3.40E-01
4.36000013,-3.60E-01
4.36400032,-3.40E-01
4.36800003,-3.20E-01
4.37200022,-3.20E-01
4.3760004,-3.60E-01
4.38000011,-3.20E-01
4.3840003,-3.20E-01
4.38800001,-3.00E-01
4.3920002,-3.20E-01
4.39600039,-3.00E-01
4.4000001,-3.00E-01
4.40400028,-3.00E-01
4.40799999,-2.80E-01
4.41200018,-2.80E-01
4.41600037,-2.80E-01
4.42000008,-3.00E-01
4.42400026,-2.80E-01
4.42799997,-2.60E-01
4.43200016,-2.80E-01
4.43600035,-2.60E-01
4.44000006,-2.60E-01
4.44400024,-2.60E-01
4.44800043,-2.60E-01
4.45200014,-2.40E-01
4.45600033,-2.40E-01
4.46000004,-2.20E-01
4.46400023,-2.20E-01
4.46800041,-2.20E-01
4.47200012,-2.00E-01
4.47600031,-2.00E-01
4.48000002,-2.20E-01
4.48400021,-2.00E-01
4.48800039,-1.80E-01
4.4920001,-1.60E-01
4.49600029,-1.80E-01
4.5,-1.80E-01
4.50400019,-1.60E-01
4.50800037,-1.40E-01
4.51200008,-1.40E-01
4.51600027,-1.40E-01
4.51999998,-1.40E-01
4.52400017,-1.20E-01
4.52800035,-1.20E-01
4.53200006,-1.00E-01
4.53600025,-1.00E-01
4.54000044,-1.00E-01
4.54400015,-8.00E-02
4.54800034,-8.00E-02
4.55200005,-1.00E-01
4.55600023,-6.00E-02
4.56000042,-6.00E-02
4.56400013,-4.00E-02
4.56800032,-4.00E-02
4.57200003,-4.00E-02
4.57600021,-4.00E-02
4.5800004,-2.00E-02
4.58400011,-4.00E-02
4.5880003,-4.00E-02
4.59200001,0
4.59600019,0
4.60000038,0
4.60400009,0
4.60800028,2.00E-02
4.61199999,2.00E-02
4.61600018,2.00E-02
4.62000036,4.00E-02
4.62400007,4.00E-02
4.62800026,6.00E-02
4.63200045,4.00E-02
4.63600016,4.00E-02
4.64000034,6.00E-02
4.64400005,6.00E-02
4.64800024,1.00E-01
4.65200043,8.00E-02
4.65600014,8.00E-02
4.66000032,1.00E-01
4.66400003,8.00E-02
4.66800022,1.00E-01
4.67200041,1.00E-01
4.67600012,1.20E-01
4.68000031,1.20E-01
4.68400002,1.40E-01
4.6880002,1.40E-01
4.69200039,1.40E-01
4.6960001,1.40E-01
4.70000029,1.40E-01
4.704,1.40E-01
4.70800018,1.60E-01
4.71200037,1.60E-01
4.71600008,1.80E-01
4.72000027,1.80E-01
4.72400045,1.80E-01
4.72800016,1.80E-01
4.73200035,2.00E-01
4.73600006,1.80E-01
4.74000025,2.00E-01
4.74400043,1.80E-01
4.74800014,2.00E-01
4.75200033,2.20E-01
4.75600004,2.40E-01
4.76000023,2.20E-01
4.76400042,2.40E-01
4.76800013,2.60E-01
4.77200031,2.40E-01
4.77600002,2.20E-01
4.78000021,2.20E-01
4.7840004,2.40E-01
4.78800011,2.40E-01
4.79200029,2.40E-01
4.796,2.60E-01
4.80000019,2.60E-01
4.80400038,2.40E-01
4.80800009,2.60E-01
4.81200027,2.40E-01
4.81600046,2.60E-01
4.82000017,2.40E-01
4.82400036,2.60E-01
4.82800007,2.60E-01
4.83200026,2.60E-01
4.83600044,2.60E-01
4.84000015,2.60E-01
4.84400034,2.80E-01
4.84800005,2.60E-01
4.85200024,2.60E-01
4.85600042,2.60E-01
4.86000013,2.60E-01
4.86400032,2.60E-01
4.86800003,2.60E-01
4.87200022,2.80E-01
4.8760004,2.80E-01
4.88000011,2.80E-01
4.8840003,2.60E-01
4.88800001,2.80E-01
4.8920002,2.80E-01
4.89600039,2.80E-01
4.9000001,2.80E-01
4.90400028,2.60E-01
4.90800047,2.40E-01
4.91200018,2.40E-01
4.91600037,2.80E-01
4.92000008,2.60E-01
4.92400026,2.40E-01
4.92800045,2.60E-01
4.93200016,2.40E-01
4.93600035,2.40E-01
4.94000006,2.40E-01
4.94400024,2.60E-01
4.94800043,2.60E-01
4.95200014,2.60E-01
4.95600033,2.60E-01
4.96000004,2.40E-01
4.96400023,2.40E-01
4.96800041,2.40E-01
4.97200012,2.20E-01
4.97600031,2.40E-01
4.98000002,2.20E-01
4.98400021,2.20E-01
4.98800039,2.20E-01
4.9920001,2.20E-01
4.99600029,2.20E-01
5,2.00E-01
5.00400019,2.00E-01
5.00800037,1.80E-01
5.01200008,2.00E-01
5.01600027,1.80E-01
5.02000046,1.80E-01
5.02400017,1.80E-01
5.02800035,1.80E-01
5.03200006,1.60E-01
5.03600025,1.60E-01
5.04000044,1.60E-01
5.04400015,1.60E-01
5.04800034,1.60E-01
5.05200005,1.40E-01
5.05600023,1.60E-01
5.06000042,1.40E-01
5.06400013,1.20E-01
5.06800032,1.20E-01
5.07200003,1.00E-01
5.07600021,1.00E-01
5.0800004,1.00E-01
5.08400011,1.20E-01
5.0880003,1.00E-01
5.09200001,8.00E-02
5.09600019,8.00E-02
5.10000038,1.00E-01
5.10400009,1.00E-01
5.10800028,6.00E-02
5.11200047,6.00E-02
5.11600018,6.00E-02
5.12000036,6.00E-02
5.12400007,4.00E-02
5.12800026,4.00E-02
5.13200045,6.00E-02
5.13600016,2.00E-02
5.14000034,4.00E-02
5.14400005,2.00E-02
5.14800024,2.00E-02
5.15200043,2.00E-02
5.15600014,0
5.16000032,0
5.16400003,0
5.16800022,0
5.17200041,0
5.17600012,0
5.18000031,-2.00E-02
5.18400002,-2.00E-02
5.1880002,-4.00E-02
5.19200039,-4.00E-02
5.1960001,-4.00E-02
5.20000029,-6.00E-02
5.20400047,-6.00E-02
5.20800018,-4.00E-02
5.21200037,-8.00E-02
5.21600008,-6.00E-02
5.22000027,-8.00E-02
5.22400045,-6.00E-02
5.22800016,-1.00E-01
5.23200035,-1.20E-01
5.23600006,-1.00E-01
5.24000025,-1.00E-01
5.24400043,-1.20E-01
5.24800014,-1.20E-01
5.25200033,-1.20E-01
5.25600004,-1.40E-01
5.26000023,-1.20E-01
5.26400042,-1.20E-01
5.26800013,-1.20E-01
5.27200031,-1.40E-01
5.27600002,-1.40E-01
5.28000021,-1.40E-01
5.2840004,-1.60E-01
5.28800011,-1.60E-01
5.29200029,-1.60E-01
5.29600048,-1.60E-01
5.30000019,-1.60E-01
5.30400038,-1.60E-01
5.30800009,-1.60E-01
5.31200027,-2.00E-01
5.31600046,-2.00E-01
5.32000017,-1.80E-01
5.32400036,-2.00E-01
5.32800007,-2.00E-01
5.33200026,-2.00E-01
5.33600044,-2.20E-01
5.34000015,-2.20E-01
5.34400034,-2.20E-01
5.34800005,-2.00E-01
5.35200024,-2.20E-01
5.35600042,-2.40E-01
5.36000013,-2.20E-01
5.36400032,-2.40E-01
5.36800003,-2.40E-01
5.37200022,-2.20E-01
5.3760004,-2.40E-01
5.38000011,-2.20E-01
5.3840003,-2.40E-01
5.38800049,-2.60E-01
5.3920002,-2.20E-01
5.39600039,-2.20E-01
5.4000001,-2.40E-01
5.40400028,-2.40E-01
5.40800047,-2.40E-01
5.41200018,-2.60E-01
5.41600037,-2.60E-01
5.42000008,-2.40E-01
5.42400026,-2.60E-01
5.42800045,-2.40E-01
5.43200016,-2.40E-01
5.43600035,-2.60E-01
5.44000006,-2.60E-01
5.44400024,-2.40E-01
5.44800043,-2.40E-01
5.45200014,-2.40E-01
5.45600033,-2.60E-01
5.46000004,-2.40E-01
5.46400023,-2.60E-01
5.46800041,-2.40E-01
5.47200012,-2.40E-01
5.47600031,-2.60E-01
5.4800005,-2.40E-01
5.48400021,-2.40E-01
5.48800039,-2.40E-01
5.4920001,-2.40E-01
5.49600029,-2.20E-01
5.50000048,-2.40E-01
5.50400019,-2.40E-01
5.50800037,-2.20E-01
5.51200008,-2.40E-01
5.51600027,-2.40E-01
5.52000046,-2.20E-01
5.52400017,-2.40E-01
5.52800035,-2.40E-01
5.53200006,-2.40E-01
5.53600025,-2.40E-01
5.54000044,-2.40E-01
5.54400015,-2.20E-01
5.54800034,-2.20E-01
5.55200005,-2.40E-01
5.55600023,-2.20E-01
5.56000042,-2.20E-01
5.56400013,-2.00E-01
5.56800032,-2.20E-01
5.57200003,-2.00E-01
5.57600021,-2.00E-01
5.5800004,-1.80E-01
5.58400011,-2.20E-01
5.5880003,-1.80E-01
5.59200048,-2.00E-01
5.59600019,-1.80E-01
5.60000038,-1.60E-01
5.60400009,-1.60E-01
5.60800028,-1.60E-01
5.61200047,-1.40E-01
5.61600018,-1.40E-01
5.62000036,-1.40E-01
5.62400007,-1.60E-01
5.62800026,-1.80E-01
5.63200045,-1.40E-01
5.63600016,-1.60E-01
5.64000034,-1.40E-01
5.64400005,-1.60E-01
5.64800024,-1.40E-01
5.65200043,-1.20E-01
5.65600014,-1.20E-01
5.66000032,-1.20E-01
5.66400003,-1.20E-01
5.66800022,-1.20E-01
5.67200041,-1.00E-01
5.67600012,-8.00E-02
5.68000031,-1.20E-01
5.68400049,-1.00E-01
5.6880002,-8.00E-02
5.69200039,-1.00E-01
5.6960001,-8.00E-02
5.70000029,-8.00E-02
5.70400047,-8.00E-02
5.70800018,-6.00E-02
5.71200037,-6.00E-02
5.71600008,-6.00E-02
5.72000027,-4.00E-02
5.72400045,-4.00E-02
5.72800016,-4.00E-02
5.73200035,-4.00E-02
5.73600006,-4.00E-02
5.74000025,-2.00E-02
5.74400043,0
5.74800014,-2.00E-02
5.75200033,0
5.75600004,-2.00E-02
5.76000023,0
5.76400042,2.00E-02
5.76800013,0
5.77200031,2.00E-02
5.7760005,0
5.78000021,2.00E-02
5.7840004,2.00E-02
5.78800011,2.00E-02
5.79200029,2.00E-02
5.79600048,2.00E-02
5.80000019,2.00E-02
5.80400038,4.00E-02
5.80800009,6.00E-02
5.81200027,6.00E-02
5.81600046,6.00E-02
5.82000017,8.00E-02
5.82400036,6.00E-02
5.82800007,6.00E-02
5.83200026,8.00E-02
5.83600044,8.00E-02
5.84000015,8.00E-02
5.84400034,1.00E-01
5.84800005,1.00E-01
5.85200024,8.00E-02
5.85600042,1.00E-01
5.86000013,1.00E-01
5.86400032,1.20E-01
5.86800051,8.00E-02
5.87200022,1.00E-01
5.8760004,1.00E-01
5.88000011,1.00E-01
5.8840003,1.20E-01
5.88800049,1.40E-01
5.8920002,1.40E-01
5.89600039,1.40E-01
5.9000001,1.40E-01
5.90400028,1.20E-01
5.90800047,1.40E-01
5.91200018,1.40E-01
5.91600037,1.40E-01
5.92000008,1.40E-01
5.92400026,1.60E-01
5.92800045,1.40E-01
5.93200016,1.40E-01
5.93600035,1.40E-01
5.94000006,1.60E-01
5.94400024,1.60E-01
5.94800043,1.60E-01
5.95200014,1.40E-01
5.95600033,1.60E-01
5.96000051,1.80E-01
5.96400023,1.80E-01
5.96800041,1.80E-01
5.97200012,1.60E-01
5.97600031,1.80E-01
5.9800005,1.80E-01
5.98400021,1.60E-01
5.98800039,1.60E-01
5.9920001,1.60E-01
5.99600029,1.60E-01
6.00000048,1.60E-01
6.00400019,1.80E-01
6.00800037,1.80E-01
6.01200008,1.80E-01
6.01600027,1.80E-01
6.02000046,1.80E-01
6.02400017,1.80E-01
6.02800035,1.40E-01
6.03200006,1.80E-01
6.03600025,1.80E-01
6.04000044,1.80E-01
6.04400015,1.80E-01
6.04800034,1.80E-01
6.05200052,1.80E-01
6.05600023,1.80E-01
6.06000042,2.00E-01
6.06400013,1.80E-01
6.06800032,1.60E-01
6.0720005,1.80E-01
6.07600021,1.80E-01
6.0800004,1.80E-01
6.08400011,1.60E-01
6.0880003,1.60E-01
6.09200048,1.60E-01
6.09600019,1.60E-01
6.10000038,1.60E-01
6.10400009,1.80E-01
6.10800028,1.60E-01
6.11200047,1.60E-01
6.11600018,1.60E-01
6.12000036,1.60E-01
6.12400007,1.60E-01
6.12800026,1.60E-01
6.13200045,1.60E-01
6.13600016,1.60E-01
6.14000034,1.60E-01
6.14400005,1.40E-01
6.14800024,1.40E-01
6.15200043,1.20E-01
6.15600014,1.40E-01
6.16000032,1.20E-01
6.16400051,1.40E-01
6.16800022,1.20E-01
6.17200041,1.20E-01
6.17600012,1.40E-01
6.18000031,1.40E-01
6.18400049,1.20E-01
6.1880002,1.20E-01
6.19200039,1.20E-01
6.1960001,1.20E-01
6.20000029,1.00E-01
6.20400047,1.00E-01
6.20800018,1.00E-01
6.21200037,1.00E-01
6.21600008,1.00E-01
6.22000027,8.00E-02
6.22400045,8.00E-02
6.22800016,1.00E-01
6.23200035,6.00E-02
6.23600006,6.00E-02
6.24000025,8.00E-02
6.24400043,6.00E-02
6.24800014,8.00E-02
6.25200033,8.00E-02
6.25600052,4.00E-02
6.26000023,6.00E-02
6.26400042,4.00E-02
6.26800013,4.00E-02
6.27200031,4.00E-02
6.2760005,2.00E-02
6.28000021,4.00E-02
6.2840004,2.00E-02
6.28800011,2.00E-02
6.29200029,4.00E-02
6.29600048,4.00E-02
6.30000019,2.00E-02
6.30400038,2.00E-02
6.30800009,0
6.31200027,2.00E-02
6.31600046,2.00E-02
6.32000017,2.00E-02
6.32400036,0
6.32800007,0
6.33200026,-2.00E-02
6.33600044,0
6.34000015,-2.00E-02
6.34400034,-2.00E-02
6.34800053,-4.00E-02
6.35200024,-2.00E-02
6.35600042,-2.00E-02
6.36000013,-4.00E-02
6.36400032,-4.00E-02
6.36800051,-4.00E-02
6.37200022,-4.00E-02
6.3760004,-4.00E-02
6.38000011,-8.00E-02
6.3840003,-6.00E-02
6.38800049,-8.00E-02
6.3920002,-6.00E-02
6.39600039,-8.00E-02
6.4000001,-6.00E-02
6.40400028,-8.00E-02
6.40800047,-6.00E-02
6.41200018,-8.00E-02
6.41600037,-8.00E-02
6.42000008,-1.00E-01
6.42400026,-1.00E-01
6.42800045,-1.00E-01
6.43200016,-1.00E-01
6.43600035,-1.00E-01
6.44000053,-8.00E-02
6.44400024,-1.00E-01
6.44800043,-1.00E-01
6.45200014,-1.20E-01
6.45600033,-1.00E-01
6.46000051,-1.00E-01
6.46400023,-1.20E-01
6.46800041,-1.20E-01
6.47200012,-1.00E-01
6.47600031,-1.40E-01
6.4800005,-1.20E-01
6.48400021,-1.20E-01
6.48800039,-1.20E-01
6.4920001,-1.40E-01
6.49600029,-1.40E-01
6.50000048,-1.40E-01
6.50400019,-1.40E-01
6.50800037,-1.60E-01
6.51200008,-1.40E-01
6.51600027,-1.40E-01
6.52000046,-1.60E-01
6.52400017,-1.60E-01
6.52800035,-1.60E-01
6.53200054,-1.60E-01
6.53600025,-1.60E-01
6.54000044,-1.60E-01
6.54400015,-1.60E-01
6.54800034,-1.60E-01
6.55200052,-1.60E-01
6.55600023,-1.60E-01
6.56000042,-1.80E-01
6.56400013,-2.00E-01
6.56800032,-1.60E-01
6.5720005,-1.80E-01
6.57600021,-1.80E-01
6.5800004,-1.80E-01
6.58400011,-1.80E-01
6.5880003,-1.80E-01
6.59200048,-1.80E-01
6.59600019,-1.60E-01
6.60000038,-1.40E-01
6.60400009,-1.80E-01
6.60800028,-1.60E-01
6.61200047,-1.80E-01
6.61600018,-1.80E-01
6.62000036,-1.60E-01
6.62400055,-1.80E-01
6.62800026,-1.60E-01
6.63200045,-1.80E-01
6.63600016,-1.80E-01
6.64000034,-1.80E-01
6.64400053,-1.80E-01
6.64800024,-1.80E-01
6.65200043,-1.60E-01
6.65600014,-1.80E-01
6.66000032,-1.80E-01
6.66400051,-1.80E-01
6.66800022,-1.60E-01
6.67200041,-1.60E-01
6.67600012,-1.60E-01
6.68000031,-1.60E-01
6.68400049,-1.60E-01
6.6880002,-1.60E-01
6.69200039,-1.60E-01
6.6960001,-1.60E-01
6.70000029,-1.60E-01
6.70400047,-1.40E-01
6.70800018,-1.40E-01
6.71200037,-1.40E-01
6.71600056,-1.40E-01
6.72000027,-1.60E-01
6.72400045,-1.40E-01
6.72800016,-1.40E-01
6.73200035,-1.20E-01
6.73600054,-1.40E-01
6.74000025,-1.40E-01
6.74400043,-1.40E-01
6.74800014,-1.20E-01
6.75200033,-1.40E-01
6.75600052,-1.20E-01
6.76000023,-1.20E-01
6.76400042,-1.20E-01
6.76800013,-1.20E-01
6.77200031,-1.20E-01
6.7760005,-1.00E-01
6.78000021,-1.20E-01
6.7840004,-1.20E-01
6.78800011,-1.20E-01
6.79200029,-1.00E-01
6.79600048,-1.00E-01
6.80000019,-1.00E-01
6.80400038,-1.00E-01
6.80800009,-1.00E-01
6.81200027,-8.00E-02
6.81600046,-1.00E-01
6.82000017,-8.00E-02
6.82400036,-8.00E-02
6.82800055,-8.00E-02
6.83200026,-1.00E-01
6.83600044,-6.00E-02
6.84000015,-8.00E-02
6.84400034,-6.00E-02
6.84800053,-6.00E-02
6.85200024,-6.00E-02
6.85600042,-6.00E-02
6.86000013,-6.00E-02
6.86400032,-4.00E-02
6.86800051,-4.00E-02
6.87200022,-6.00E-02
6.8760004,-6.00E-02
6.88000011,-4.00E-02
6.8840003,-2.00E-02
6.88800049,-4.00E-02
6.8920002,-2.00E-02
6.89600039,-2.00E-02
6.9000001,-2.00E-02
6.90400028,-2.00E-02
6.90800047,-2.00E-02
6.91200018,-2.00E-02
6.91600037,0
6.92000055,0
6.92400026,0
6.92800045,0
6.93200016,0
6.93600035,2.00E-02
6.94000053,2.00E-02
6.94400024,2.00E-02
6.94800043,2.00E-02
6.95200014,2.00E-02
6.95600033,2.00E-02
6.96000051,2.00E-02
6.96400023,4.00E-02
6.96800041,2.00E-02
6.97200012,2.00E-02
6.97600031,4.00E-02
6.9800005,4.00E-02
6.98400021,4.00E-02
6.98800039,2.00E-02
6.9920001,4.00E-02
6.99600029,4.00E-02
7.00000048,6.00E-02
7.00400019,4.00E-02
7.00800037,6.00E-02
7.01200056,6.00E-02
7.01600027,6.00E-02
7.02000046,6.00E-02
7.02400017,4.00E-02
7.02800035,4.00E-02
7.03200054,8.00E-02
7.03600025,8.00E-02
7.04000044,6.00E-02
7.04400015,8.00E-02
7.04800034,8.00E-02
7.05200052,8.00E-02
7.05600023,1.00E-01
7.06000042,1.00E-01
7.06400013,1.00E-01
7.06800032,1.00E-01
7.0720005,8.00E-02
7.07600021,8.00E-02
7.0800004,1.00E-01
7.08400011,8.00E-02
7.0880003,1.00E-01
7.09200048,1.00E-01
7.09600019,1.00E-01
7.10000038,1.00E-01
7.10400057,1.00E-01
7.10800028,1.00E-01
7.11200047,1.00E-01
7.11600018,1.00E-01
7.12000036,1.20E-01
7.12400055,1.20E-01
7.12800026,1.00E-01
7.13200045,1.00E-01
7.13600016,1.20E-01
7.14000034,1.00E-01
7.14400053,1.20E-01
7.14800024,1.00E-01
7.15200043,1.00E-01
7.15600014,1.20E-01
7.16000032,1.20E-01
7.16400051,1.00E-01
7.16800022,1.20E-01
7.17200041,1.40E-01
7.17600012,1.20E-01
7.18000031,1.20E-01
7.18400049,1.00E-01
7.1880002,1.20E-01
7.19200039,1.20E-01
7.19600058,1.20E-01
7.20000029,1.00E-01
7.20400047,1.20E-01
7.20800018,1.20E-01
7.21200037,1.40E-01
7.21600056,1.00E-01
7.22000027,1.20E-01
7.22400045,1.00E-01
7.22800016,1.20E-01
7.23200035,1.20E-01
7.23600054,1.40E-01
7.24000025,1.20E-01
7.24400043,1.20E-01
7.24800014,1.20E-01
7.25200033,1.00E-01
7.25600052,1.20E-01
7.26000023,1.00E-01
7.26400042,1.20E-01
7.26800013,1.00E-01
7.27200031,1.00E-01
7.2760005,1.20E-01
7.28000021,1.00E-01
7.2840004,8.00E-02
7.28800058,1.20E-01
7.29200029,1.00E-01
7.29600048,1.00E-01
7.30000019,1.00E-01
7.30400038,1.00E-01
7.30800056,1.00E-01
7.31200027,8.00E-02
7.31600046,8.00E-02
7.32000017,1.00E-01
7.32400036,1.00E-01
7.32800055,8.00E-02
7.33200026,8.00E-02
7.33600044,8.00E-02
7.34000015,8.00E-02
7.34400034,8.00E-02
7.34800053,1.00E-01
7.35200024,6.00E-02
7.35600042,8.00E-02
7.36000013,8.00E-02
7.36400032,8.00E-02
7.36800051,4.00E-02
7.37200022,6.00E-02
7.3760004,6.00E-02
7.38000011,4.00E-02
7.3840003,4.00E-02
7.38800049,8.00E-02
7.392000198,6.00E-02
7.396000385,4.00E-02
7.400000572,4.00E-02
7.404000282,4.00E-02
7.408000469,4.00E-02
7.412000179,6.00E-02
7.416000366,4.00E-02
7.420000553,2.00E-02
7.424000263,2.00E-02
7.42800045,2.00E-02
7.43200016,4.00E-02
7.436000347,2.00E-02
7.440000534,2.00E-02
7.444000244,2.00E-02
7.448000431,2.00E-02
7.452000141,0
7.456000328,0
7.460000515,2.00E-02
7.464000225,0
7.468000412,0
7.472000122,0
7.476000309,0
7.480000496,0
7.484000206,0
7.488000393,0
7.49200058,-2.00E-02
7.49600029,0
7.500000477,-2.00E-02
7.504000187,-2.00E-02
7.508000374,-2.00E-02
7.512000561,-2.00E-02
7.516000271,-2.00E-02
7.520000458,-2.00E-02
7.524000168,-2.00E-02
7.528000355,-2.00E-02
7.532000542,-2.00E-02
7.536000252,-6.00E-02
7.540000439,-6.00E-02
7.544000149,-4.00E-02
7.548000336,-6.00E-02
7.552000523,-6.00E-02
7.556000233,-6.00E-02
7.56000042,-6.00E-02
7.56400013,-4.00E-02
7.568000317,-4.00E-02
7.572000504,-6.00E-02
7.576000214,-6.00E-02
7.580000401,-4.00E-02
7.584000587,-6.00E-02
7.588000298,-6.00E-02
7.592000484,-8.00E-02
7.596000195,-6.00E-02
7.600000381,-8.00E-02
7.604000568,-8.00E-02
7.608000278,-8.00E-02
7.612000465,-8.00E-02
7.616000175,-6.00E-02
7.620000362,-8.00E-02
7.624000549,-1.00E-01
7.628000259,-1.00E-01
7.632000446,-1.00E-01
7.636000156,-1.00E-01
7.640000343,-1.00E-01
7.64400053,-1.00E-01
7.64800024,-8.00E-02
7.652000427,-8.00E-02
7.656000137,-1.00E-01
7.660000324,-1.00E-01
7.664000511,-1.00E-01
7.668000221,-1.00E-01
7.672000408,-8.00E-02
7.676000595,-1.20E-01
7.680000305,-1.20E-01
7.684000492,-1.00E-01
7.688000202,-1.20E-01
7.692000389,-1.20E-01
7.696000576,-1.20E-01
7.700000286,-1.20E-01
7.704000473,-1.20E-01
7.708000183,-1.00E-01
7.71200037,-1.20E-01
7.716000557,-1.20E-01
7.720000267,-1.20E-01
7.724000454,-1.20E-01
7.728000164,-1.20E-01
7.732000351,-1.00E-01
7.736000538,-1.20E-01
7.740000248,-1.20E-01
7.744000435,-1.40E-01
7.748000145,-1.20E-01
7.752000332,-1.20E-01
7.756000519,-1.20E-01
7.760000229,-1.00E-01
7.764000416,-1.20E-01
7.768000603,-1.20E-01
7.772000313,-1.20E-01
7.7760005,-1.20E-01
7.78000021,-1.20E-01
7.784000397,-1.20E-01
7.788000584,-1.00E-01
7.792000294,-1.20E-01
7.796000481,-1.20E-01
7.800000191,-1.20E-01
7.804000378,-1.20E-01
7.808000565,-1.20E-01
7.812000275,-1.20E-01
7.816000462,-1.20E-01
7.820000172,-1.20E-01
7.824000359,-1.20E-01
7.828000546,-1.00E-01
7.832000256,-1.00E-01
7.836000443,-1.20E-01
7.840000153,-1.00E-01
7.84400034,-1.20E-01
7.848000526,-1.20E-01
7.852000237,-1.00E-01
7.856000423,-1.20E-01
7.86000061,-1.00E-01
7.86400032,-1.20E-01
7.868000507,-1.00E-01
7.872000217,-8.00E-02
7.876000404,-1.00E-01
7.880000591,-1.00E-01
7.884000301,-1.00E-01
7.888000488,-1.00E-01
7.892000198,-1.00E-01
7.896000385,-1.00E-01
7.900000572,-1.00E-01
7.904000282,-1.00E-01
7.908000469,-1.00E-01
7.912000179,-1.00E-01
7.916000366,-1.00E-01
7.920000553,-1.00E-01
7.924000263,-8.00E-02
7.92800045,-1.00E-01
7.93200016,-8.00E-02
7.936000347,-8.00E-02
7.940000534,-8.00E-02
7.944000244,-8.00E-02
7.948000431,-6.00E-02
7.952000141,-8.00E-02
7.956000328,-8.00E-02
7.960000515,-6.00E-02
7.964000225,-6.00E-02
7.968000412,-6.00E-02
7.972000599,-6.00E-02
7.976000309,-6.00E-02
7.980000496,-6.00E-02
7.984000206,-6.00E-02
7.988000393,-6.00E-02
7.99200058,-6.00E-02
7.99600029,-8.00E-02
8,-8.00E-02
8.004000664,-4.00E-02
8.008000374,-6.00E-02
8.012000084,-4.00E-02
8.016000748,-4.00E-02
8.020000458,-4.00E-02
8.024000168,-2.00E-02
8.028000832,-4.00E-02
8.032000542,-6.00E-02
8.036000252,-2.00E-02
8.039999962,-2.00E-02
8.044000626,-4.00E-02
8.048000336,-2.00E-02
8.052000046,-4.00E-02
8.05600071,-2.00E-02
8.06000042,0
8.06400013,-2.00E-02
8.068000793,-2.00E-02
8.072000504,0
8.076000214,0
8.079999924,-2.00E-02
8.084000587,0
8.088000298,0
8.092000008,0
8.096000671,0
8.100000381,-2.00E-02
8.104000092,0
8.108000755,2.00E-02
8.112000465,0
8.116000175,2.00E-02
8.120000839,0
8.124000549,0
8.128000259,2.00E-02
8.131999969,2.00E-02
8.136000633,2.00E-02
8.140000343,2.00E-02
8.144000053,2.00E-02
8.148000717,2.00E-02
8.152000427,4.00E-02
8.156000137,2.00E-02
8.160000801,2.00E-02
8.164000511,2.00E-02
8.168000221,2.00E-02
8.171999931,4.00E-02
8.176000595,4.00E-02
8.180000305,4.00E-02
8.184000015,4.00E-02
8.188000679,2.00E-02
8.192000389,4.00E-02
8.196000099,4.00E-02
8.200000763,4.00E-02
8.204000473,4.00E-02
8.208000183,2.00E-02
8.212000847,4.00E-02
8.216000557,4.00E-02
8.220000267,6.00E-02
8.223999977,6.00E-02
8.228000641,6.00E-02
8.232000351,6.00E-02
8.236000061,4.00E-02
8.240000725,4.00E-02
8.244000435,4.00E-02
8.248000145,4.00E-02
8.252000809,6.00E-02
8.256000519,6.00E-02
8.260000229,6.00E-02
8.263999939,8.00E-02
8.268000603,8.00E-02
8.272000313,6.00E-02
8.276000023,1.00E-01
8.280000687,6.00E-02
8.284000397,8.00E-02
8.288000107,4.00E-02
8.292000771,8.00E-02
8.296000481,6.00E-02
8.300000191,6.00E-02
8.304000854,6.00E-02
8.308000565,6.00E-02
8.312000275,8.00E-02
8.315999985,6.00E-02
8.320000648,8.00E-02
8.324000359,8.00E-02
8.328000069,4.00E-02
8.332000732,8.00E-02
8.336000443,8.00E-02
8.340000153,8.00E-02
8.344000816,8.00E-02
8.348000526,8.00E-02
8.352000237,6.00E-02
8.355999947,8.00E-02
8.36000061,8.00E-02
8.36400032,6.00E-02
8.368000031,8.00E-02
8.372000694,8.00E-02
8.376000404,8.00E-02
8.380000114,8.00E-02
8.384000778,8.00E-02
8.388000488,6.00E-02
8.392000198,8.00E-02
8.396000862,6.00E-02
8.400000572,8.00E-02
8.404000282,8.00E-02
8.407999992,6.00E-02
8.412000656,6.00E-02
8.416000366,8.00E-02
8.420000076,6.00E-02
8.42400074,6.00E-02
8.42800045,4.00E-02
8.43200016,8.00E-02
8.436000824,6.00E-02
8.440000534,6.00E-02
8.444000244,8.00E-02
8.447999954,6.00E-02
8.452000618,8.00E-02
8.456000328,6.00E-02
8.460000038,6.00E-02
8.464000702,6.00E-02
8.468000412,6.00E-02
8.472000122,6.00E-02
8.476000786,4.00E-02
8.480000496,6.00E-02
8.484000206,6.00E-02
8.48800087,6.00E-02
8.49200058,6.00E-02
8.49600029,6.00E-02
8.5,4.00E-02
8.504000664,6.00E-02
8.508000374,6.00E-02
8.512000084,4.00E-02
8.516000748,4.00E-02
8.520000458,4.00E-02
8.524000168,4.00E-02
8.528000832,4.00E-02
8.532000542,4.00E-02
8.536000252,4.00E-02
8.539999962,2.00E-02
8.544000626,2.00E-02
8.548000336,2.00E-02
8.552000046,4.00E-02
8.55600071,2.00E-02
8.56000042,2.00E-02
8.56400013,2.00E-02
8.568000793,2.00E-02
8.572000504,2.00E-02
8.576000214,2.00E-02
8.580000877,2.00E-02
8.584000587,0
8.588000298,2.00E-02
8.592000008,2.00E-02
8.596000671,0
8.600000381,2.00E-02
8.604000092,0
8.608000755,2.00E-02
8.612000465,0
8.616000175,0
8.620000839,-2.00E-02
8.624000549,2.00E-02
8.628000259,0
8.631999969,-2.00E-02
8.636000633,0
8.640000343,0
8.644000053,0
8.648000717,-2.00E-02
8.652000427,0
8.656000137,-2.00E-02
8.660000801,-2.00E-02
8.664000511,-4.00E-02
8.668000221,-2.00E-02
8.672000885,-2.00E-02
8.676000595,-4.00E-02
8.680000305,-4.00E-02
8.684000015,-2.00E-02
8.688000679,-2.00E-02
8.692000389,-2.00E-02
8.696000099,-4.00E-02
8.700000763,-2.00E-02
8.704000473,-4.00E-02
8.708000183,-2.00E-02
8.712000847,-4.00E-02
8.716000557,-4.00E-02
8.720000267,-2.00E-02
8.723999977,-4.00E-02
8.728000641,-6.00E-02
8.732000351,-2.00E-02
8.736000061,-4.00E-02
8.740000725,-6.00E-02
8.744000435,-4.00E-02
8.748000145,-6.00E-02
8.752000809,-6.00E-02
8.756000519,-6.00E-02
8.760000229,-6.00E-02
8.764000893,-6.00E-02
8.768000603,-4.00E-02
8.772000313,-6.00E-02
8.776000023,-6.00E-02
8.780000687,-8.00E-02
8.784000397,-6.00E-02
8.788000107,-8.00E-02
8.792000771,-6.00E-02
8.796000481,-6.00E-02
8.800000191,-6.00E-02
8.804000854,-8.00E-02
8.808000565,-8.00E-02
8.812000275,-6.00E-02
8.815999985,-6.00E-02
8.820000648,-8.00E-02
8.824000359,-8.00E-02
8.828000069,-8.00E-02
8.832000732,-8.00E-02
8.836000443,-8.00E-02
8.840000153,-8.00E-02
8.844000816,-6.00E-02
8.848000526,-8.00E-02
8.852000237,-6.00E-02
8.855999947,-1.00E-01
8.86000061,-8.00E-02
8.86400032,-6.00E-02
8.868000031,-1.00E-01
8.872000694,-6.00E-02
8.876000404,-8.00E-02
8.880000114,-1.00E-01
8.884000778,-8.00E-02
8.888000488,-8.00E-02
8.892000198,-8.00E-02
8.896000862,-8.00E-02
8.900000572,-8.00E-02
8.904000282,-8.00E-02
8.907999992,-8.00E-02
8.912000656,-1.00E-01
8.916000366,-1.00E-01
8.920000076,-8.00E-02
8.92400074,-1.00E-01
8.92800045,-8.00E-02
8.93200016,-1.00E-01
8.936000824,-8.00E-02
8.940000534,-8.00E-02
8.944000244,-8.00E-02
8.947999954,-8.00E-02
8.952000618,-1.00E-01
8.956000328,-1.00E-01
8.960000038,-1.00E-01
8.964000702,-8.00E-02
8.968000412,-8.00E-02
8.972000122,-8.00E-02
8.976000786,-6.00E-02
8.980000496,-8.00E-02
8.984000206,-8.00E-02
8.98800087,-1.00E-01
8.99200058,-8.00E-02
8.99600029,-8.00E-02
9,-8.00E-02
9.004000664,-8.00E-02
9.008000374,-8.00E-02
9.012000084,-6.00E-02
9.016000748,-8.00E-02
9.020000458,-8.00E-02
9.024000168,-6.00E-02
9.028000832,-1.00E-01
9.032000542,-6.00E-02
9.036000252,-8.00E-02
9.039999962,-8.00E-02
9.044000626,-8.00E-02
9.048000336,-8.00E-02
9.052000046,-8.00E-02
9.05600071,-4.00E-02
9.06000042,-6.00E-02
9.06400013,-6.00E-02
9.068000793,-6.00E-02
9.072000504,-6.00E-02
9.076000214,-8.00E-02
9.080000877,-6.00E-02
9.084000587,-8.00E-02
9.088000298,-4.00E-02
9.092000008,-6.00E-02
9.096000671,-4.00E-02
9.100000381,-4.00E-02
9.104000092,-6.00E-02
9.108000755,-6.00E-02
9.112000465,-4.00E-02
9.116000175,-6.00E-02
9.120000839,-6.00E-02
9.124000549,-6.00E-02
9.128000259,-6.00E-02
9.131999969,-6.00E-02
9.136000633,-6.00E-02
9.140000343,-6.00E-02
9.144000053,-4.00E-02
9.148000717,-6.00E-02
9.152000427,-4.00E-02
9.156000137,-4.00E-02
9.160000801,-4.00E-02
9.164000511,-4.00E-02
9.168000221,-4.00E-02
9.172000885,-4.00E-02
9.176000595,-2.00E-02
9.180000305,-2.00E-02
9.184000015,-4.00E-02
9.188000679,-4.00E-02
9.192000389,-2.00E-02
9.196000099,-2.00E-02
9.200000763,-2.00E-02
9.204000473,-4.00E-02
9.208000183,-4.00E-02
9.212000847,-2.00E-02
9.216000557,0
9.220000267,-2.00E-02
9.223999977,-2.00E-02
9.228000641,-2.00E-02
9.232000351,-2.00E-02
9.236000061,0
9.240000725,-2.00E-02
9.244000435,-2.00E-02
9.248000145,-2.00E-02
9.252000809,0
9.256000519,2.00E-02
9.260000229,0
9.264000893,0
9.268000603,0
9.272000313,0
9.276000023,2.00E-02
9.280000687,0
9.284000397,0
9.288000107,0
9.292000771,2.00E-02
9.296000481,2.00E-02
9.300000191,2.00E-02
9.304000854,2.00E-02
9.308000565,2.00E-02
9.312000275,2.00E-02
9.315999985,2.00E-02
9.320000648,2.00E-02
9.324000359,2.00E-02
9.328000069,2.00E-02
9.332000732,2.00E-02
9.336000443,2.00E-02
9.340000153,2.00E-02
9.344000816,4.00E-02
9.348000526,2.00E-02
9.352000237,2.00E-02
9.3560009,2.00E-02
9.36000061,2.00E-02
9.36400032,4.00E-02
9.368000031,4.00E-02
9.372000694,4.00E-02
9.376000404,4.00E-02
9.380000114,4.00E-02
9.384000778,4.00E-02
9.388000488,2.00E-02
9.392000198,2.00E-02
9.396000862,4.00E-02
9.400000572,2.00E-02
9.404000282,2.00E-02
9.407999992,4.00E-02
9.412000656,4.00E-02
9.416000366,2.00E-02
9.420000076,4.00E-02
9.42400074,2.00E-02
9.42800045,4.00E-02
9.43200016,4.00E-02
9.436000824,2.00E-02
9.440000534,6.00E-02
9.444000244,4.00E-02
9.448000908,4.00E-02
9.452000618,4.00E-02
9.456000328,4.00E-02
9.460000038,6.00E-02
9.464000702,6.00E-02
9.468000412,4.00E-02
9.472000122,2.00E-02
9.476000786,4.00E-02
9.480000496,-2.5599999
9.484000206,-2.5599999
9.48800087,-2.5599999
9.49200058,-2.5599999
9.49600029,-2.5599999
9.5,-2.5599999
9.504000664,-2.5599999
9.508000374,-2.5599999
9.512000084,-2.5599999
9.516000748,-2.5599999
9.520000458,-2.5599999
9.524000168,-2.5599999
9.528000832,-2.5599999
9.532000542,-2.5599999
9.536000252,-2.5599999
9.540000916,-2.5599999
9.544000626,-2.5599999
9.548000336,-2.5599999
9.552000046,-2.5599999
9.55600071,-2.5599999
9.56000042,-2.5599999
9.56400013,-2.5599999
9.568000793,-2.5599999
9.572000504,-2.5599999
9.576000214,-2.5599999
9.580000877,-2.5599999
9.584000587,-2.5599999
9.588000298,-2.5599999
9.592000008,-2.5599999
9.596000671,-2.5599999
9.600000381,-2.5599999
9.604000092,-2.5599999
9.608000755,-2.5599999
9.612000465,-2.5599999
9.616000175,-2.5599999
9.620000839,-2.5599999
9.624000549,-2.5599999
9.628000259,-2.5599999
9.632000923,-2.5599999
9.636000633,-2.5599999
9.640000343,-2.5599999
9.644000053,-2.5599999
9.648000717,-2.5599999
9.652000427,-2.5599999
9.656000137,-2.5599999
9.660000801,-2.5599999
9.664000511,-2.5599999
9.668000221,-2.5599999
9.672000885,-2.5599999
9.676000595,-2.5599999
9.680000305,-2.5599999
9.684000015,-2.5599999
9.688000679,-2.5599999
9.692000389,-2.5599999
9.696000099,-2.5599999
9.700000763,-2.5599999
9.704000473,-2.5599999
9.708000183,-2.5599999
9.712000847,-2.5599999
9.716000557,-2.5599999
9.720000267,-2.5599999
9.724000931,-2.5599999
9.728000641,-2.5599999
9.732000351,-2.5599999
9.736000061,-2.5599999
9.740000725,-2.5599999
9.744000435,-2.5599999
9.748000145,-2.5599999
9.752000809,-2.5599999
9.756000519,-2.5599999
9.760000229,-2.5599999
9.764000893,-2.5599999
9.768000603,-2.5599999
9.772000313,-2.5599999
9.776000023,-2.5599999
9.780000687,-2.5599999
9.784000397,-2.5599999
9.788000107,-2.5599999
9.792000771,-2.5599999
9.796000481,-2.5599999
9.800000191,-2.5599999
9.804000854,-2.5599999
9.808000565,-2.5599999
9.812000275,-2.5599999
9.816000938,-2.5599999
9.820000648,-2.5599999
9.824000359,-2.5599999
9.828000069,-2.5599999
9.832000732,-2.5599999
9.836000443,-2.5599999
9.840000153,-2.5599999
9.844000816,-2.5599999
9.848000526,-2.5599999
9.852000237,-2.5599999
9.8560009,-2.5599999
9.86000061,-2.5599999
9.86400032,-2.5599999
9.868000031,-2.5599999
9.872000694,-2.5599999
9.876000404,-2.5599999
9.880000114,-2.5599999
9.884000778,-2.5599999
9.888000488,-2.5599999
9.892000198,-2.5599999
9.896000862,-2.5599999
9.900000572,-2.5599999
9.904000282,-2.5599999
9.908000946,-2.5599999
9.912000656,-2.5599999
9.916000366,-2.5599999
9.920000076,-2.5599999
9.92400074,-2.5599999
9.92800045,-2.5599999
9.93200016,-2.5599999
9.936000824,-2.5599999
9.940000534,-2.5599999
9.944000244,-2.5599999
9.948000908,-2.5599999
9.952000618,-2.5599999
9.956000328,-2.5599999
9.960000038,-2.5599999
9.964000702,-2.5599999
9.968000412,-2.5599999
9.972000122,-2.5599999
9.976000786,-2.5599999
9.980000496,-2.5599999
9.984000206,-2.5599999
9.98800087,-2.5599999
9.99200058,-2.5599999
9.99600029,-2.5599999
